{
  "money_movement": {
    "title": "Sample Money Movement",
    "rows": [
      {
        "row": {
          "id": "to_row",
          "index": 0,
          "views": {
            "title": "Payment To: ",
            "subtitle": "Pay this Account",
            "icon": "to_icon.png"
          },
          "styles": {
            "title": "Title",
            "subtitle": "SubTitle"
          }
        }
      },
      {
        "row": {
          "id": "from_row",
          "index": 1,
          "views": {
            "title": "Payment From: ",
            "subtitle": "Choose an Account",
            "icon": "from_icon.png"
          }
        }
      },
      {
        "row": {
          "id": "date_row",
          "index": 2,
          "views": {
            "title": "Payment Date: ",
            "subtitle": "Choose a Date",
            "icon": "date_icon.png"
          },
          "styles": {
            "title": "title_style",
            "subtitle": "subtitle_style",
            "optional": "optional_style"
          },
          "attributes": {
            "locked": false,
            "enabled": true,
            "optional": false
          }
        }
      },
      {
        "row": {
          "id": "amount_row",
          "index": 3,
          "views": {
            "title": "Payment Amount: ",
            "subtitle": "Choose an Amount",
            "hint": "US Dollar",
            "icon": "amount_icon.png"
          },
          "styles": {
            "title": "title_alt_style",
            "subtitle": "subtitle_alt_style",
            "hint": "optional_alt_style"
          }
        }
      },
      {
        "row": {
          "id": "optional_row",
          "index": 4,
          "views": {
            "title": "Optional: ",
            "subtitle": "Choose an Optional Amount"
          },
          "attributes": {
            "style": "alt_row_style",
            "locked": false,
            "enabled": true,
            "optional": true
          }
        }
      },
      {
        "row": {
          "id": "hidden_row",
          "index": 5,
          "views": {
            "title": "Hidden: ",
            "subtitle": "Not shown initially"
          },
          "attributes": {
            "visible": false
          }
        }
      },
      {
        "row": {
          "id": "disclaimer_row",
          "index": 6,
          "views": {
            "title": "Disclaimer text goes here... Disclaimer text goes here... Disclaimer text goes here... Disclaimer text goes here... Disclaimer text goes here... "
          },
          "attributes": {
            "visible": true
          }
        }
      }
    ]
  }
}